,desc,location,logo,number,accident
500,北京现代鲁AP8L11与雪佛兰鲁AQY886事故无伤亡,机场北路遥墙中国邮政门口,"['北京', '现代', '雪佛兰']","['鲁AP8L11', '鲁AQY886']",未知
501,鲁sj0465对方是新车无伤,蟠龙隧道 北边 ,[],['鲁SJ0465'],未知
502,货车与大面包相撞人没事,回河济北驾校处,[],[],相撞
503,咨询,咨询,[],[],未知
504,AZ766D别克小区内被撞先协商,取消：党杨路大杨新区,['别克'],['鲁AZ766D'],相撞
505,面包车鲁AAA695与福特鲁A61K15发生刮擦无伤亡,经十东路 临港南区交叉口向西200米由西向东,['福特'],"['鲁AAA695', '鲁A61K15']",刮擦
506,行人与电动车事故人受伤备案26号下午事故,伟东新都一区东门往北30米左右,[],[],未知
507,鲁AT7968出租车与鲁AL1921大货车事故无人伤,济青高速郭店出口  收费站内   北向南,[],"['鲁AT7968', '鲁AL1921']",未知
508,SUV与轿车相撞人没事,正安路法路口,[],[],相撞
509,29号晚上五点左右电瓶车与轿车事故电瓶车受伤现在轿车一方不管了报警人说轿车报警了但一直没有交警处理,天桥区凤凰山路北头国棉一厂附近,[],[],未知
510,出租车和电瓶车事故,取消报警 山东剧院,[],[],未知
511,雪佛兰鲁S76755与鲁A932C8相撞私了,取消：经十路港九路南500米,['雪佛兰'],"['鲁S76755', '鲁A932C8']",相撞
512,鲁GU1307需要查询电话,山东剧院，文化西路117号院内,[],['鲁GU1307'],未知
513,出租车鲁AT0698和小货鲁AR1S82刮擦无伤亡车损超五千无法移动,二环西路美里路路口南向西方向,[],"['鲁AT0698', '鲁AR1S82']",刮擦
514,雪佛兰鲁AA25G2与货车鲁A788XD发生刮擦无伤亡,将军路由西向东去往机场路匝道口处,['雪佛兰'],"['鲁AA25G2', '鲁A788XD']",刮擦
515,公交车鲁AH1089与传奇鲁AHW258事故人没事,取消；济洛路与师范路往北50米,[],"['鲁AH1089', '鲁AHW258']",未知
516,鲁A735G0福特福克斯倒车撞上锐建鲁AY3D82后逃逸人没事,经十西路 润华汽车主题公园福特4S店,['福特'],"['鲁A735G0', '鲁AY3D82']",相撞
517,催警仲宫趵突泉酒厂门口往南50米左右,催警：仲宫趵突泉酒厂门口，往南50米左右,[],[],未知
518,备案吉利鲁R09X30和现代鲁G21806刮擦无伤亡,备案：环宇城九曲庄路路口南500米路东,['现代'],"['鲁R09X30', '鲁G21806']",刮擦
519,货车军车货车鲁AD6356无人员伤,二环西刘长山路口,[],['鲁AD6356'],未知
520,奔驰京NNR010在车位上被车撞了一方逃逸,和平路,['奔驰'],['京NNR010'],相撞
521,鲁A1961V银灰色凯美瑞和鲁A768A2灰色中华事故无伤亡,张庄路,['中华'],"['鲁A1961V', '鲁A768A2']",未知
522,面包车鲁A522M9与电动车刮擦无伤亡,国棉四厂门口,[],['鲁A522M9'],刮擦
523,2月2号大客车鲁AA5598与奇瑞鲁C09M71事故无伤亡现在责任不明确,机场北路与321省道往北200米加油站里面,['奇瑞'],"['鲁AA5598', '鲁C09M71']",未知
524,电动车二轮摩托车无人员伤,经二路纬四路路口,[],[],未知
525,越野鲁a5ad08拐弯刮到电动车双方协商备案暂时不需要民警处理,经七纬五路口西北角,[],['鲁A5AD08'],未知
526,两辆电动车一方受伤,育英中学南门济南日报社,[],[],未知
527,两车刮擦人没事车损不打都省内车,快处：经十纬一,[],[],刮擦
528,丰田鲁a02x60与电瓶车事故受伤,西沙路美里湖办事处门口,['丰田'],['鲁A02X60'],未知
529,货车与本田事故鲁af15s2鲁ar7061无伤亡,北园大街与生产路交口往西站牌,['本田'],"['鲁AF15S2', '鲁AR7061']",未知
530,标致鲁A160L8撞路边隔离护栏一颗杨树歪道损坏占一条车道人员没受伤,外环东路扳倒井村地质测绘院门口东100路东,['标致'],['鲁A160L8'],相撞
531,鲁AK135Y三菱与鲁AY7F10起亚事故,快处 经二路纬四路口北100米,"['三菱', '起亚']","['鲁AK135Y', '鲁AY7F10']",未知
532,电动车被撞一女同志趟地上肇事车辆跑了人不动弹了已经联系120,高墙王上桥口高架桥口 ,[],[],相撞
533,半挂冀EH1832与货车津AY3680开认定书,遥墙机场上高速口外面的道路,[],"['冀EH1832', '津AY3680']",未知
534,鲁AM37H3丰田与三菱鲁A92383事故,快处 经十路建设路口北100米,"['丰田', '三菱']","['鲁AM37H3', '鲁A92383']",未知
535,出租车鲁A9560与广汽鲁JBR808无伤亡报警人称双方私了不需要交警处理,取消 经七纬六胜利石油大厦西邻,[],['鲁JBR808'],未知
536,鲁AX8808红色轿车与奇瑞鲁a0990q刮擦逃逸,拖机路世购西门,['奇瑞'],"['鲁AX8808', '鲁A0990Q']",刮擦
537,2月6日1000鲁ae327x大众与雷克萨斯轿车刮擦人没事报警人称对方不配合走快处不去快处点,催警  新泺大街与舜华东路口,"['大众', '雷克萨斯']",['鲁AE327X'],刮擦
538,半挂冀EH1832与货车津AY3680开认定书当事人表示交警到过场需要开认定书,遥墙机场上高速口外面的道路,[],"['冀EH1832', '津AY3680']",未知
539,两车事故,北园高架全福立交桥上,[],[],未知
540,奥迪鲁AC7W03怀疑被轿车鲁AG6W66刮擦联系车主不承认,怡馨园小区17#前,['奥迪'],"['鲁AC7W03', '鲁AG6W66']",刮擦
541,电动车被撞一女同志趟地上肇事车辆跑了人不动弹了,高墙王上桥口高架桥口,[],[],相撞
542,26号事故别克与面包现在想双方协商不需要处理车已扣,取消报警：工业南路与解放东路中间奥体西路,['别克'],[],未知
543,电动与电动一方受伤,取消  济微路机床二厂南100米路东,[],[],未知
544,33532017年11月13日报警人被摩托车撞到摩托车逃逸未记住车牌号现来电求助交警调查报警人电话17076123896,堤口庄居委会,[],[],相撞
545,三轮车与鲁P826ND刮擦人没事,催警 清河北路黄台酒店用品城,[],['鲁P826ND'],刮擦
546,CRV与本田事故快处,快处：龙鼎大道与规划路口,['本田'],[],未知
547,电动车撞行人人受伤,北园大街银座家居门口,[],[],相撞
548,快处斯巴鲁鲁AD013Y与雪铁龙鲁AY0989事故,快处 九曲庄路与二环南路口,"['斯巴鲁', '雪铁龙']","['鲁AD013Y', '鲁AY0989']",未知
549,鲁Q125QD与行人之间纠纷因为滴滴打车发生纠纷对方拍摄视频告知让其删除对方不听刮了自己跑了,华强电子商厦往西130米路北,[],['鲁Q125QD'],未知
550,鲁a5353X别克与鲁at7031与鲁a86217雷克萨斯追尾人受伤,建设路与经十路口东北角,"['别克', '雷克萨斯']","['鲁A5353X', '鲁AT7031', '鲁A86217']",相撞
551,奔腾鲁Ac709b与奇瑞鲁A60w77事故无人受伤,还乡店路与工业北路交叉口,"['奔腾', '奇瑞']","['鲁AC709B', '鲁A60W77']",未知
552,鲁apb217丰田与电动车人受伤,省府前街与泉城路口,['丰田'],['鲁APB217'],未知
553,出租车鲁AT6315与出租车鲁AT9414事故人现在90医院,北外环大鲁庄宇佳物流门口,[],"['鲁AT6315', '鲁AT9414']",未知
554,鲁AG09E3与路虎鲁A7Y33刮擦路虎逃逸,工业北恒大城,['路虎'],['鲁AG09E3'],未知
555,大众鲁afn273与标志鲁a398m0刮擦车无法移动,腊山河西路大剧院西门对面 路西侧,['大众'],"['鲁AFN273', '鲁A398M0']",未知
556,大众鲁A0131F与鲁AH3V00五菱面包刮擦,快处 桑园路往北拐的转弯处,['大众'],"['鲁A0131F', '鲁AH3V00']",刮擦
557,长安鲁aut356与标志鲁af73d8追尾备案,玉函隧道,['长安'],"['鲁AUT356', '鲁AF73D8']",相撞
558,五菱宏光鲁A688MA与海马赣E0L082闯红灯事故无伤亡,催警：华山龙城D区北临大马路上由西往东,['海马'],"['鲁A688MA', '赣E0L082']",未知
559,金杯鲁YVJ180与三轮车无伤责任协商不了,和谐广场里送货口,['金杯'],['鲁YVJ180'],未知
560,25号的事故现在联系不上对方鲁AY509L与鲁AH39H7事故当时约定走快处,工业北高架往二环东高架转弯处,[],"['鲁AY509L', '鲁AH39H7']",未知
561,两电瓶车刮擦受伤,小清河北路银座家居广场8厅门口,[],[],刮擦
562,电动车与电动三轮车碰撞人受伤无需120,催警：黄岗路彩世界路口,[],[],相撞
563,轿车与摩托三轮车事故协商,恒大滨河左岸售楼处路口,[],[],未知
564,电动车逆行撞报警人母亲人受伤,工业北路幸福苑小区门口,[],[],相撞
565,快处两车刮擦AB69P825E5责任不清双方已经协商好不需要交警处理了,取消报警：二环东路华龙路下口,[],[],刮擦
566,两车碰撞人没事车能开省内车,快处：花园路金达路,[],[],相撞
567,鲁aq5x57奥迪撞电动人受伤,明湖西路和信花园北门,['奥迪'],['鲁AQ5X57'],相撞
568,鲁a517ql夏利与电动三轮刮擦协商不成要求民警到,经一路北坛小区东门,[],['鲁A517QL'],刮擦
569,福特苏b0hw39开车门刮到电动车人受伤,泺安路泺口办事处门口,['福特'],['苏B0HW39'],未知
570,公交车私家车人没事车损大,经十路 凯旋中心大厦 路北 快车道 ,[],[],未知
571,迈腾鲁A567TL撞到小区护栏无伤亡,经二纬五发祥巷东门,[],['鲁A567TL'],相撞
572,鲁Q125QD黑色现代刮擦行人车辆逃逸,华强电子商厦门口,['现代'],['鲁Q125QD'],刮擦
573,现代与起亚事故无受伤鲁AN2P55鲁A987VH,济钢新村东区4号楼下,"['现代', '起亚']","['鲁AN2P55', '鲁A987VH']",未知
574,电动三轮车与鲁RDJ226长城事故协商不了,匡山农产品交易市场门口进市场了,['长城'],['鲁RDJ226'],未知
575,鲁A679Z与鲁AE6E27无伤亡,快处：浆水泉路名仕豪庭2号,[],['鲁AE6E27'],未知
576,大众鲁ab0767与救护车车牌无法提供发生刮擦救护车逃逸求助民警,茂新街北区东门门口,['大众'],['鲁AB0767'],刮擦
577,汽车撞小孩事故,经三纬七,[],[],相撞
578,轿车AC6176和三轮车有人受伤,催警：香港街西头姚家派出所往东200米,[],['鲁AC6176'],未知
579,五菱宏光鲁A688MA与海马赣E0L082闯红灯事故无伤亡,催警：华山龙城D区北临大马路上由西往东,['海马'],"['鲁A688MA', '赣E0L082']",未知
580,两车相撞,銭铺西小李村口,[],[],相撞
581,早上7点左右丰田鲁an2d65与自行车事故人没事备案双方协商,七里堡小区内,['丰田'],['鲁AN2D65'],未知
582,鲁aub751启辰被刮擦逃逸,经十西路农商银行宋庄,['启辰'],['鲁AUB751'],刮擦
583,凌晨12点30分起亚鲁A852DF停在楼上被刮擦对方逃逸经查看是一辆黑色宝马牌照不详,西苑小区翠景园3区1号楼楼下,"['起亚', '宝马']",['鲁A852DF'],刮擦
584,鲁A5333S与鲁N63907事故,快处 七里铺东口300米左右,[],"['鲁A5333S', '鲁N63907']",未知
585,报警人骑电动车被撞逃逸车辆报警人没有看到当时报警人被撞晕报警人受伤,七里堡铁路桥上坡处,[],[],相撞
586,威鲁AD985P与五菱鲁AA08D8无人受伤对方找不到保险单要求交警到场报警时间2018127161023,取消：东西丹凤街，海阔天空门口。,[],"['鲁AD985P', '鲁AA08D8']",未知
587,追尾事故人没事车能开省内车,快处：千佛山南路,[],[],相撞
588,两车事故一车逃逸,孙村7号路,[],[],未知
589,五菱宏光鲁A688MA与海马赣E0L082闯红灯事故无伤亡,催警：华山龙城D区北临大马路上由西往东,['海马'],"['鲁A688MA', '赣E0L082']",未知
590,电动与电动一方受伤,济微路机床二厂南100米路东,[],[],未知
591,大众鲁A0131F与鲁AH3V00五菱面包刮擦当事人说一直没有收到快处短信请核实,快处 工业北路还乡店路口往南走到头,['大众'],"['鲁A0131F', '鲁AH3V00']",刮擦
592,两轿车刮擦,文昌山庄,[],[],刮擦
593,长安与吉利事故协商不了,经十路千佛山医院西侧路口,['长安'],[],未知
594,快处鲁AT6552与鲁AZ7L82刮擦,快处   花园路保利芙蓉,[],"['鲁AT6552', '鲁AZ7L82']",刮擦
595,五菱宏光鲁A688MA与海马赣E0L082闯红灯事故无伤亡,华山龙城D区北临大马路上由西往东,['海马'],"['鲁A688MA', '赣E0L082']",未知
596,两辆追尾人没事,十中路口,[],[],相撞
597,奔腾与北京现代事故协商不了,孙村7号路马氏清真饭店门口,"['奔腾', '北京', '现代']",[],未知
598,长安与吉利事故协商不了,催警：经十路千佛山医院西侧路口,['长安'],[],未知
599,鲁AF0G20与电动车人没事,维尔康门口,[],['鲁AF0G20'],未知
600,哈佛H6与大众协商不了,经八路铁路医院院里,['大众'],[],未知
601,轿车电动车事故人没事,原乡溪谷南边路东,[],[],未知
602,公交车私家车人没事车损大,催警经十路 凯旋中心大厦 路北 快车道,[],[],未知
603,帕萨特鲁phs559与丰田鲁am37h3刮擦帕萨特车主不在现场,经四路万达南100米林祥南街,['丰田'],"['鲁PHS559', '鲁AM37H3']",刮擦
604,别克和大众AL767B追尾前车有人不舒服备案,舜耕路舜耕中学北100米路西,"['别克', '大众']",['鲁AL767B'],相撞
605,鲁AL7263与行人有人受伤已拨120,旅游路港九路,[],['鲁AL7263'],未知
606,渣土车与行人人受伤,旅游路与港九路,[],[],未知
607,电动车与三轮车事故三轮车受伤,木里庄村里,[],[],未知
608,轿车AC6176和三轮车有人受伤,香港街西头姚家派出所往东200米,[],['鲁AC6176'],未知
609,出租车鲁AT6741与公交车鲁AB7836无伤亡,快处 :山大路文化东路路口,[],"['鲁AT6741', '鲁AB7836']",未知
610,货车撞一老人,248线前十亩附近,[],[],相撞
611,电动车和轿车相撞一人受伤,南关村,[],[],相撞
612,两车刮擦引起交通拥堵,林祥南街,[],[],刮擦
613,鲁amn202路虎与奔驰鲁g588gp刮擦,备案：省立东院西门,"['路虎', '奔驰']","['鲁AMN202', '鲁G588GP']",刮擦
614,出租车鲁AT8836与电动车事故无人受伤备案,催警：无影山北路与清河北路路口,[],['鲁AT8836'],未知
615,一箱货与一货车相撞,316线贾庄高速附近,[],[],相撞
616,搅拌车与轿车事故人没事,孙村春晖路,[],[],未知
617,轿车与电三轮相撞已打120,248垛石石墓田路口,[],[],相撞
618,轿车和三轮车刮擦一人受伤,崮山镇委门口,[],[],刮擦
619,快处鲁A2L939与鲁AT5654刮擦,快处   舜耕路与玉函小区南路东50米,[],"['鲁A2L939', '鲁AT5654']",刮擦
620,风行与丰田事故快处,快处：二环南路华润仰山路口,['丰田'],[],未知
621,大货车临牌与轿车鲁A891PL事故,陡沟  党杨路,[],['鲁A891PL'],未知
622,电动车和轿车AL420H人没事协商私了,奥体中路花园东路路口,[],['鲁AL420H'],未知
623,两车刮擦协商处理,北外环大鲁庄,[],[],刮擦
624,报警人称电动车与轿车ANM675事故人没事双方协商不了,解放路公交公司门口,[],['鲁ANM675'],未知
625,鲁AK5L32鲁AVV975追尾事故无伤车损较大前车开不了了,北园大街历山路，西向东,[],"['鲁AK5L32', '鲁AVV975']",相撞
626,鲁AZ772A撞坏树苗,旅游路龙洞立交,[],['鲁AZ772A'],未知
627,报警人称客车与荣威事故鲁aa509v陕kc7300无伤亡,二环东路百花公园东门,['荣威'],"['鲁AA509V', '陕KC7300']",未知
628,两车事故鲁A1BV40鲁AN67U2现在协商不了联系不到对方多次报警要求处理,2月4日事故   世贸广场地下一层,[],"['鲁A1BV40', '鲁AN67U2']",未知
629,鲁A820SV与鲁PEQ828刮擦责任不明非道路交通事故不能快处,齐鲁医院内,[],"['鲁A820SV', '鲁PEQ828']",刮擦
630,昨天早上7点半的事故奇瑞鲁A553T7被一辆大客站鲁AB5656追尾无伤亡,阳光新路和二环南路路口往北300米,['奇瑞'],"['鲁A553T7', '鲁AB5656']",相撞
631,快处大众鲁a256ww与别克鲁a732wv刮擦,快处：燕子山路与解放路交口往南200加油站,"['大众', '别克']","['鲁A256WW', '鲁A732WV']",刮擦
632,越野车与货车追尾人没事,京福高速由北向南距离服务区500米,[],[],相撞
633,鲁pq9396大众与鲁a658py丰田与鲁a871pb路虎追尾车损超5000,二环东路倪氏海泰酒店门口,"['大众', '丰田', '路虎']","['鲁PQ9396', '鲁A658PY', '鲁A871PB']",相撞
634,轿车被撞对方逃逸,常春藤小区,[],[],相撞
635,沃尔沃鲁AN1239与鲁AU922Q沃尔沃逃逸,经十东邢村立交东,"['沃尔沃', '沃尔沃']","['鲁AN1239', '鲁AU922Q']",未知
636,单车事故撞护栏车不能开了,龙凤山路唐冶热电厂门,[],[],相撞
637,事故咨询已答复,火车站,[],[],未知
638,AV878C单车事故撞护栏,南全福大街南全福小区路口,[],['鲁AV878C'],相撞
639,雪佛兰与宝骏事故快处,快处：奥体西路与解放东路,"['雪佛兰', '宝骏']",[],未知
640,电动车与电动三轮车碰撞人受伤无需120,黄岗路彩世界路口,[],[],相撞
641,快处鲁A5333S鲁N63907电话15689401744,快处：黄台南路与二环东路东300米,[],"['鲁A5333S', '鲁N63907']",未知
642,报警人称自行车与一辆轿车车牌不详发生刮擦受伤不需120,工业北路市立三院南门门口向南100米路西侧,[],[],刮擦
643,快处鲁AC55U7与鲁AAY092刮擦,快处  北园高架上 长途汽车站附近,[],"['鲁AC55U7', '鲁AAY092']",刮擦
644,传奇鲁M87P37被刮擦车牌不详,二环东滨河国际内,[],['鲁M87P37'],刮擦
645,货车与轿车事故鲁A9791B鲁AD15Y3无受伤,催警  花园路与七里河,[],"['鲁A9791B', '鲁AD15Y3']",未知
646,货车与轿车事故鲁A9791B鲁AD15Y3无受伤,催警  花园路与七里河,[],"['鲁A9791B', '鲁AD15Y3']",未知
647,报警人称长城与电动车事故鲁a6h083轻伤,工业北路276客车厂宿舍,['长城'],['鲁A6H083'],未知
648,鲁A560S1捷达与福特鲁AX8Y07水箱漏了车损严重, 龙奥东路东侧华创管理中心,['福特'],"['鲁A560S1', '鲁AX8Y07']",未知
649,鲁J6708J与电动车人受轻伤,历山路黄台南路,[],['鲁J6708J'],未知
650,报警人称三轮车停在路口有骑着电动车的撞了,党校门口,[],[],相撞
651,电动车轿车事故人受伤,董家镇前二村,[],[],未知
652,鲁A9971y名爵和鲁A3283h中华事故无伤,催警：全福立交桥转盘下,"['名爵', '中华']","['鲁A9971Y', '鲁A3283H']",未知
653,雪铁龙鲁AB087J与对方北汽鲁C67E05事故无伤亡,北园大街华府国际售楼处 ,['雪铁龙'],"['鲁AB087J', '鲁C67E05']",未知
654,人力三轮车与行人事故,浆水泉路武警医院往北100米路西,[],[],未知
655,电动车与行人人没事,浆水泉 旅游路东200米站牌,[],[],未知
656,帝豪与马自达事故,快处：舜泰中路山钢集团大楼停车场北边,['马自达'],[],未知
657,老人被撞对方逃逸,龙泉路北头,[],[],相撞
658,人力三轮车与行人事故,取消：浆水泉路武警医院往北100米路西,[],[],未知
659,鲁a5353X别克与鲁at7031与鲁a86217雷克萨斯追尾人受伤,催警：建设路与经十路口东北角,"['别克', '雷克萨斯']","['鲁A5353X', '鲁AT7031', '鲁A86217']",相撞
660,两辆客车相撞人没事,汽车站内,[],[],相撞
661,129晚上鲁a6d851与鲁a8607x刮擦一方逃逸现在找到对方,舜风路与凤凰路口,[],"['鲁A6D851', '鲁A8607X']",刮擦
662,现代与起亚事故鲁aa2p55鲁a987vh无伤亡要出警,催警：济钢新村东4号楼,"['现代', '起亚']","['鲁AA2P55', '鲁A987VH']",未知
663,大众鲁a08v87与金杯面包车鲁a706fr事故无伤亡,二环东路 七里堡 铁路桥  北往南,"['大众', '金杯']","['鲁A08V87', '鲁A706FR']",未知
664,两车追尾车能开省内车,快处：旅游路 龙洞隧道出口,[],[],相撞
665,鲁a088gt天籁被鲁a5629h东风追尾已保险,备案:凤凰山路交通警察门口,['东风'],"['鲁A088GT', '鲁A5629H']",相撞
666,帕萨特撞出租车逃逸帕萨特车主来电话想与对方私了,北坦荣氏栗子,[],[],相撞
667,电动车与电动三轮车碰撞人受伤无需120,催警：黄岗路彩世界路口,[],[],相撞
668,轿车电动车事故人没事,人事路口,[],[],未知
669,三轮车与电动车事故协商不了,经十路与雪山路路北,[],[],未知
670,快处鲁AAF239与鲁ANH999刮擦,快处  卧龙路卧龙花园,[],"['鲁AAF239', '鲁ANH999']",刮擦
671,快处两车刮擦AB69P825E5责任不清,快处，二环东路华龙路下口,[],[],刮擦
672,两车事故鲁A1BV40鲁AN67U2现在协商不了联系不到对方,2月4日事故   世贸广场地下一层,[],"['鲁A1BV40', '鲁AN67U2']",未知
673,白色轿车鲁A771W2撞面包鲁AU2W31逃逸人没事车损轻微,世购西门,[],"['鲁A771W2', '鲁AU2W31']",相撞
674,过路群众报警12345转接没有电话堵车了,历城区山大北路二环东下桥口事故 路过报警,[],[],未知
675,鲁AW8Z03鲁AW1Z85两轿车刮擦无人员伤亡,经八纬二往北50米,[],"['鲁AW8Z03', '鲁AW1Z85']",刮擦
676,面包与轿车相撞有两人受伤去医院现场有人,仁风前王圈路口,[],[],相撞
677,51路鲁A20396公交车与私家车事故对方离开现场不需要交警处理只备案,备案 省中医西院门口,[],['鲁A20396'],未知
678,长城鲁am3c25停在此处被撞对方车辆逃逸无伤亡,王舍人大辛庄 8号楼 车库 ,['长城'],['鲁AM3C25'],相撞
679,两车事故人没事车能开车损不大,快处：花园路七里河路口,[],[],未知
680,报警人称鲁A3832F与鲁zm072私了,备案：柳埠镇柳埠大桥人工湖,[],['鲁A3832F'],相撞
681,摩托车鲁ABY169与鲁AN5385宝马事故无伤亡,凤凰路工业北路口,['宝马'],"['鲁ABY169', '鲁AN5385']",未知
682,奥迪Q5鲁G5825R被刮对方逃逸无法提供对方信息,洛安路济南社区卫生中心门口,['奥迪'],['鲁G5825R'],刮擦
683,咨询,咨询,[],[],未知
684,摩托车鲁JEC731与电动三轮事故报警人受伤,104国道市中区党家庄街道办事处南桥村段,[],['鲁JEC731'],未知
685,鲁AG9X55起亚与鲁AR0P66长安事故半小时前事故当时约定走快处现在俩系不上长安车主,经十西路段店立交东,"['起亚', '长安', '长安']","['鲁AG9X55', '鲁AR0P66']",未知
686,两车刮擦人没事车能开,快处：明湖西路 ,[],[],刮擦
687,货车与轿车事故鲁A9791B鲁AD15Y3无受伤货车司机不肯处理,催警  花园路与七里河,[],"['鲁A9791B', '鲁AD15Y3']",未知
688,大众鲁282bs与电动三轮车事故无伤亡撤离现场,省劳技门口   西往东,['大众'],[],未知
689,120与行人事故报警人现在在省立医院,阳光新路美乐汇门前,[],[],未知
690,快处鲁AK5J93与鲁AX2V17刮擦,快处   会展东路舜华北路,[],"['鲁AK5J93', '鲁AX2V17']",刮擦
691,鲁AT8390与三轮车事故人没事,经一路东200米,[],['鲁AT8390'],未知
692,1月31日鲁A85S52别克停在此处被公交车撞了车号不详,济南西站公交枢纽停车场,['别克'],['鲁A85S52'],相撞
693,鲁ab5s52江淮与电动人没事协商不成,西外环与南外环口往北100米路西,['江淮'],['鲁AB5S52'],刮擦
694,起亚鲁ae157s与K157鲁ab1396事故无伤亡,槐荫政务服务中心  东往西 ,['起亚'],"['鲁AE157S', '鲁AB1396']",未知
695,货车与轿车事故鲁A9791B鲁AD15Y3无受伤,催警 花园路与七里河,[],"['鲁A9791B', '鲁AD15Y3']",未知
696,现代鲁Ag8106与起亚鲁Ay385z事故无人受伤现已快处因有监控报备,明湖西路巴黎花园南门门口,"['现代', '起亚']","['鲁AG8106', '鲁AY385Z']",未知
697,面包与货车相撞已打120,220崔寨邓官村,[],[],相撞
698,AR736奥迪撞门车辆逃逸,祝顺路777号，上海花园北门对面,['奥迪'],[],未知
699,赛拉图鲁AE7F10与三轮鲁AK135E事故人没事对方不让其离开,经四路大观园路口往北100米,[],"['鲁AE7F10', '鲁AK135E']",未知
700,鲁ALB880红色雪佛兰与鲁AJV103华晨金杯事故,快处 经十路洪山路口西向东,"['雪佛兰', '金杯']","['鲁ALB880', '鲁AJV103']",未知
701,帕萨特撞出租车逃逸,北坦荣氏栗子,[],[],相撞
702,电动车车主躺在地上人受伤不知与什么车发生事故,将军路零点往高架走的,[],[],未知
703,电动车被撞一女同志趟地上肇事车辆跑了人不动弹了,高墙王上桥口高架桥口,[],[],相撞
704,起亚鲁ae157s与K157公交车鲁ab1396事故无伤亡,快处：槐荫政务服务中心  东往西,['起亚'],"['鲁AE157S', '鲁AB1396']",未知
705,两车事故私了,取消：工业南路小鸭集团,[],[],未知
706,鲁ald213丰田与长城鲁a583pk追尾,备案：北园高架桥上齐鲁制药东向西,"['丰田', '长城']","['鲁ALD213', '鲁A583PK']",相撞
707,轿车鲁AB5G71与电动车事故车坏了,七贤广场路口,[],['鲁AB5G71'],未知
708,飞度鲁ap7c05路口拐弯张沟里了无人员受伤,历城区柳埠镇小刘家域村,[],['鲁AP7C05'],未知
709,长安鲁AF58Y0与马自达鲁A0F021,快处：王舍人华联超市门口,"['长安', '马自达']","['鲁AF58Y0', '鲁A0F021']",未知
710,临鲁a7n684东风与摩托鲁a42d31刮擦协商不成,二环北路济南市公安局天桥车辆管理所,['东风'],"['鲁A7N684', '鲁A42D31']",刮擦
711,报警人称一电动三轮撞了一行人,润东大厦路口,[],[],相撞
712,荣威鲁ACT833倒车撞到五菱鲁AX0939双方当事人已经碰面当场私了,备案 仲宫镇仲南小区,[],"['鲁ACT833', '鲁AX0939']",相撞
713,宝马鲁A317F8被刮擦逃逸,工业北路大辛庄小区地下车库,['宝马'],['鲁A317F8'],刮擦
714,45路公交车与长安事故无伤鲁SAB325鲁AB3915,幸福街天顺饭店门口,['长安'],"['鲁SAB325', '鲁AB3915']",未知
715,鲁ANB855大众与另一车刮擦备案,备案；北园耳鼻喉医院门口,['大众'],['鲁ANB855'],刮擦
716,两车追尾AG99F5A586EQ车损较大车不能开了,青岛腊山河路口,[],"['鲁AG99F5', '鲁A586EQ']",相撞
717,东风鲁A908FX与电动车事故轻伤淤青,经十路九中与农行路口东往西南方向,['东风'],['鲁A908FX'],未知
718,长安鲁AF58Y0与马自达鲁A0F021,快处：王舍人华联超市门口,"['长安', '马自达']","['鲁AF58Y0', '鲁A0F021']",未知
719,45路公交车与长安事故无伤鲁SAB325鲁AB3915,快处：幸福街天顺饭店门口,['长安'],"['鲁SAB325', '鲁AB3915']",未知
720,现代与起亚事故鲁aa2p55鲁a987vh无伤亡,济钢新村东4号楼,"['现代', '起亚']","['鲁AA2P55', '鲁A987VH']",未知
721,豫1p3660雪佛兰与夏利鲁j7j886刮擦人没事,催警：经四路大纬二路口南50米路西,['雪佛兰'],"['豫1P3660', '鲁J7J886']",刮擦
722,行人与黑色丰田鲁A35C58事故人轻伤,燕山中学南门口菜市场,['丰田'],['鲁A35C58'],未知
723,报警人称两辆小型车辆事故,青龙路七天连锁酒店（龙珠嘉园）,[],[],未知
724,货车撞了电动车已打120,崔寨劳务市场,[],[],相撞
725,报警人称怀疑在路上撞人货车冀DZ8375手机号13739609173,在肥城到平阴三岔路口西,[],['冀DZ8375'],相撞
726,鲁a598s9起亚被刮擦逃逸,西市场对面龙槐雅苑小区8号楼,['起亚'],['鲁A598S9'],刮擦
727,轿车鲁A63399与电动车相撞一人伤,鲁宏大道报到市场金度火锅王,[],['鲁A63399'],相撞
728,豫1p3660雪佛兰与夏利鲁j7j886刮擦人没事,催警：经四路大纬二路口南50米路西,['雪佛兰'],"['豫1P3660', '鲁J7J886']",刮擦
729,货车与本田事故鲁af15s2鲁ar7061无伤亡,取消：北园大街与生产路交口往西站牌,['本田'],"['鲁AF15S2', '鲁AR7061']",未知
730,奇瑞鲁ADA077与二轮摩托车鲁A56B93相撞人没事,二环东路七里堡路口,['奇瑞'],"['鲁ADA077', '鲁A56B93']",相撞
731,车放在这里不知道被谁刮了,营市东街12号,[],[],刮擦
732,二轮摩托车与三轮摩托车无牌人受伤,西营集市，信用社附近,[],[],相撞
733,路虎鲁AMN202和奔驰鲁G5887P事故无伤亡,解放东路奥体中路路口省立医院东院西门门口,['奔驰'],"['鲁AMN202', '鲁G5887P']",未知
734,1公交车鲁a07272f与电动车与行人已告知需要及时拨打120,经二纬五  市中交警大队 路北 1路公交车站牌,[],[],未知
735,鲁A9971y名爵和鲁A3283h中华事故无伤,全福立交桥转盘下,"['名爵', '中华']","['鲁A9971Y', '鲁A3283H']",未知
736,一轿车撞另一轿车后逃逸,248与316线处,[],[],相撞
737,报警人称福特与比亚迪事故鲁aa752w鲁j5z569无伤亡,旅游路洪山圣都路口,"['福特', '比亚迪']","['鲁AA752W', '鲁J5Z569']",未知
738,鲁V7B365凯迪拉克13153137979与轿车刮擦鲁v车的老板报警不走快处要求交警现场处理,花园路华信路口西100米,['凯迪拉克'],['鲁V7B365'],刮擦
739,别克鲁AE28K9与尼桑鲁AN2E61事故人没事请求处理,取消  泺口通讯城门口,['别克'],"['鲁AE28K9', '鲁AN2E61']",未知
740,广电设备箱被车撞坏车辆逃逸无伤,柳埠镇刘家村闫家办事处门口,[],[],未知
741,快处中华鲁jpa557与出租车鲁at4175刮擦人没事,快处：青岛路与淄博路路口东100米路南,['中华'],"['鲁JPA557', '鲁AT4175']",刮擦
742,吉普鲁AK39Y9与途观鲁AB22G0事故无伤亡,顺河高架下 玉函银座体育馆北边70米左右,[],"['鲁AK39Y9', '鲁AB22G0']",未知
743,鲁w26237别克与鲁a269q2大众刮擦对方耍横威胁协商不成要求民警到,历下大润发东门,"['别克', '大众']","['鲁W26237', '鲁A269Q2']",刮擦
744,报警人称摩托车撞倒树上人受伤,仁风去史家的路上,[],[],未知
745,两电动车刮擦第三方受伤,经五路小纬六路口,[],[],刮擦
746,鲁agw595奔驰撞马路牙子车损超5000,王官庄小区9区8号楼前道路,['奔驰'],['鲁AGW595'],相撞
747,电动车与五菱面包车鲁AH8H23刮擦无伤亡,中恒北门对面,[],['鲁AH8H23'],刮擦
748,保时捷与摩托车助力车无牌事故人受伤鲁A110WE,龙奥北路 汉峪金谷南门门口,['保时捷'],['鲁A110WE'],未知
749,标致鲁ak928e撞孩子腿部受伤不需要120,催警 段店立交桥下南侧  ,['标致'],['鲁AK928E'],相撞
750,马自达鲁av8h57与面包车鲁a085Ln事故无伤亡,济泺路长途汽车站 北区  北侧  ,['马自达'],"['鲁AV8H57', '鲁A085LN']",未知
751,17年9月13日的事故出租车鲁AT3474与小型SUV事故车号不详当时双方想私了现在协商不了,二环东路和平路口,[],['鲁AT3474'],未知
752,赛欧与轿车事故无伤亡对方车辆新车无车牌鲁AHY070,济洛路 洛口 服装城 博尔国际酒店门口,[],['鲁AHY070'],未知
753,传奇鲁A267A7与吉普鲁W136P追尾人没事协商不成要求交警到,催警：阳光新路郎茂山路口北,[],['鲁A267A7'],相撞
754,大巴车鲁AJ0860与公交车鲁A03308F事故有一人头疼自行联系120,经十西路与齐州路路口,[],['鲁AJ0860'],未知
755,荣威鲁AR333K与无牌摩托车事故人轻伤,北外环小鲁庄路段路北主干道,[],['鲁AR333K'],未知
756,15路公交车鲁ab3852与客车鲁ab9518刮擦无法走快速理赔,堤口路长途客运中心路口,[],"['鲁AB3852', '鲁AB9518']",刮擦
757,电动车与鲁FJ0U05大众尚酷事故人没事,王官庄小区四区19号楼,['大众'],['鲁FJ0U05'],未知
758,宝骏鲁A730q2与外卖摩托车事故人受伤,长途汽车站下桥口北侧辅道东向西,[],['鲁A730Q2'],未知
759,鲁a230qk宝马与别克鲁ae20g2刮擦双方已去附近中队,备案：奥体中心北门经十路上,"['宝马', '别克']","['鲁A230QK', '鲁AE20G2']",刮擦
760,雪佛兰鲁A07H95与广汽传祺冀QD576K责任不明确,二环东路南全福街东口,['雪佛兰'],"['鲁A07H95', '冀QD576K']",未知
761,三轮车刮擦了自己鲁AM5Y26白色轿车后逃逸无伤,还乡店工业北路和清河南路中间路上,[],['鲁AM5Y26'],刮擦
762,鲁A959V黑色轿车撞了其电动车后逃逸无伤亡,窑头路1-27号 统一银座正对面,[],[],相撞
763,朗逸鲁A269Q2与对方别克鲁W26637事故无伤亡,历山路历下大润发门口,['别克'],"['鲁A269Q2', '鲁W26637']",未知
764,白色别克鲁ac064y放在此处被刮擦对方逃逸无伤求助调取监控,历下大润发停车场,['别克'],['鲁AC064Y'],刮擦
765,前天晚上雷克萨斯鲁A652TD与黑色奥迪事故车号不详,崇华路工业南路口,"['雷克萨斯', '奥迪']",['鲁A652TD'],未知
766,鲁w26237别克与鲁a269q2大众刮擦,快处：历下大润发东门,"['别克', '大众']","['鲁W26237', '鲁A269Q2']",刮擦
767,丰田鲁ac956b与宝马鲁al710q事故无伤,催警：泺口皮革城地下停车场,"['丰田', '宝马']","['鲁AC956B', '鲁AL710Q']",未知
768,鲁V7B365凯迪拉克13153137979与轿车刮擦鲁v车驾驶员报警要求交警现场处理,催警：花园路华信路口西100米,['凯迪拉克'],['鲁V7B365'],刮擦
769,两个电动车事故人受伤一方处于昏迷状态已拨打120,经四路万达对面,[],[],未知
770,货车与三轮车事故鲁AZ339P有人受伤,工业北路大新河南一点,[],['鲁AZ339P'],未知
771,对方电动车与日产鲁A36128事故无伤亡,二环东路东环国际广场,['日产'],['鲁A36128'],未知
772,宝马鲁AH7H25白色吉利鲁AA33756吉利逃逸,世购停车场李,['宝马'],['鲁AH7H25'],未知
773,124鲁a5121r大众与拖车鲁a2z913刮擦大众被拖车拖走后现在失联,工业北路张马屯小区门口,"['大众', '大众']","['鲁A5121R', '鲁A2Z913']",刮擦
774,报警人称两电动车事故无伤亡,汽车站总站建设银行门口,[],[],未知
775,大众鲁a08v87与金杯面包车鲁a706fr事故无伤亡,催警 二环东路 七里堡 铁路桥  北往南,"['大众', '金杯']","['鲁A08V87', '鲁A706FR']",未知
776,鲁A6M537鲁NVC556两辆轿车事故无伤现在双方协商不了,催警：山大北路往南100米汇科旺园门口闵子骞路上,[],"['鲁A6M537', '鲁NVC556']",未知
777,报警人称面包撞树上了,山水路高速桥下,[],[],相撞
778,鲁A085LN长安与鲁AZ8H57事故无伤亡,北园高架桥下济洛路路口东20米,['长安'],"['鲁A085LN', '鲁AZ8H57']",未知
779,报警人称2月1日的事故报警人母亲骑电动车与鲁A85U31吉利发生事故现在协商不了需要交警处理,工业北路238号电力一公司宿舍,[],['鲁A85U31'],未知
780,两辆电动车相撞人受伤,中医院南门往东,[],[],相撞
781,长安鲁av919l放在此处被别克鲁aw2j65刮擦别克逃逸无伤,槐荫区大金新苑卫生院门口,"['长安', '别克', '别克']","['鲁AV919L', '鲁AW2J65']",刮擦
782,报警人称电动车轿车相撞,鲁中康桥,[],[],相撞
783,吉普鲁F0h002与起亚鲁A653k0事故无人受伤,马鞍山路52号,['起亚'],"['鲁F0H002', '鲁A653K0']",未知
784,报警人称轿车撞电动车,黄河路,[],[],相撞
785,一辆自行车与一辆白色轿车车号不详往西逃逸刮擦有人受伤不需120,经六路123号门口,[],[],刮擦
786,鲁a8376u和鲁ah1775刮擦,快处：领秀城贵和西门,[],"['鲁A8376U', '鲁AH1775']",刮擦
787,鲁a5353X别克与鲁at7031与鲁a86217雷克萨斯追尾人受伤现在出租车不让当事人走,催警 建设路与经十路口东北角,"['别克', '雷克萨斯']","['鲁A5353X', '鲁AT7031', '鲁A86217']",相撞
788,鲁pq9396大众与鲁a658py丰田与鲁a871pb路虎追尾车损超5000,催警 二环东路倪氏海泰酒店门口,"['大众', '丰田', '路虎']","['鲁PQ9396', '鲁A658PY', '鲁A871PB']",相撞
789,飞度鲁A10730与鲁AK1820东风日产事故无伤亡,济齐路东堡信号灯处,"['东风', '日产']","['鲁A10730', '鲁AK1820']",未知
790,5555,,[],[],未知
791,iiiii,,[],[],未知
792,车放在这里不知道被谁刮了,取消：营市东街12号,[],[],刮擦
793,飞度鲁A10730与鲁AK1820东风日产事故无伤亡,快处：济齐路东堡信号灯处,"['东风', '日产']","['鲁A10730', '鲁AK1820']",未知
794,一辆铃木雨燕鲁AV1Q38与一辆哈佛鲁A806tr追尾无人受伤车损超五千,郭店街道办事处东3公里 102省道与山前小区门口交汇处 进小区方向,['铃木'],"['鲁AV1Q38', '鲁A806TR']",相撞
795,快处鲁A666M1鲁AAK573,快处：历城区辛祝路保利海德公馆门口,[],"['鲁A666M1', '鲁AAK573']",未知
796,轿车鲁A8M730怀疑被三轮刮擦肇事逃逸,中海广场第二停车场,[],['鲁A8M730'],刮擦
797,轿车与电动车相撞,建筑公司路口,[],[],相撞
798,快处鲁ANV287鲁AP356Y,快处：建设路泉景天元,[],"['鲁ANV287', '鲁AP356Y']",未知
799,鲁a110sl起亚与货车鲁a7d579倒车事故,备案;西周南路祝甸路口南10米路东,['起亚'],"['鲁A110SL', '鲁A7D579']",未知
800,马六鲁ATT068与电动车已打120,经十路燕山立交东南角中公大厦门口,[],['鲁ATT068'],未知
801,鲁ANM120与鲁AU432V事故双方对事故有争议,凤凰山国际名酒城地下一层停车场,[],"['鲁ANM120', '鲁AU432V']",未知
802,咨询,咨询,[],[],未知
803,一辆出租车鲁AT7541与一辆电动车相撞有人受伤不需120,堤口庄北路西头加油站门口,[],['鲁AT7541'],相撞
804,鲁a32177江淮与鲁at0305刮擦,备案：堤口路天发顺和酒店东临,['江淮'],"['鲁A32177', '鲁AT0305']",刮擦
805,两车追尾人没事车能开,快处：燕子山西路经十路路口 ,[],[],相撞
806,报警人称2月3日对方一辆公交车未看到几路路过时刮断了电线刮到空调主机和商店牌子无伤亡通过监控看到的,担邮路玉清水厂北邻 靠近昊兴荣酒店,[],[],未知
807,轿车电动车事故人没事,银东富群路口南侧,[],[],未知
808,鲁AV8S57马自达与面包车鲁A085LN刮擦,取消  济洛路长途汽车站北区,['马自达'],"['鲁AV8S57', '鲁A085LN']",刮擦
809,厢货鲁ay339p与电动三轮车事故不需要120伤者已去医院,催警  大辛庄 南侧大辛河西侧,[],['鲁AY339P'],未知
810,鲁ra9996奥迪与临鲁atk535现代孕妇受惊吓,经十路济南14中门口,"['奥迪', '现代']","['鲁RA9996', '鲁ATK535']",未知
811,电动三轮车与轿车相撞人没事,孙耿艾老村往西干渠南2公里,[],[],相撞
812,尼桑鲁az070n与宝马鲁au9v69事故无伤,成丰桥与天成路路口东北角,['宝马'],"['鲁AZ070N', '鲁AU9V69']",未知
813,海马鲁AK0E95与大众鲁A588KT事故无伤亡,英雄山路与二七南路路口,"['海马', '大众']","['鲁AK0E95', '鲁A588KT']",未知
814,货车鲁A62787与别克鲁AQ235N刮擦无人员伤亡,工业北路郭店高速路口,['别克'],"['鲁A62787', '鲁AQ235N']",刮擦
815,电动三轮与电动车事故受伤不要120,普利街自来水厂西门门口,[],[],未知
816,吉利鲁A310NC撞了电动车人受伤济洛路北外环西1公里,北外环泺口新村 ,[],['鲁A310NC'],相撞
817,报警人称出租车与大众事故鲁at9327鲁jkx339无伤亡,北园高架明湖北路下桥口,['大众'],"['鲁AT9327', '鲁JKX339']",未知
818,群众报警本田撞护栏驾驶员逃逸,花园东路与奥体中路东100米,['本田'],[],相撞
819,迈腾鲁av256p与帕萨特鲁ayb091与凯迪拉克鲁a578u7追尾,经十西路区政府往东500米 路南,['凯迪拉克'],"['鲁AV256P', '鲁AYB091', '鲁A578U7']",相撞
820,两辆轿车相撞人没事,汽车站西路口,[],[],相撞
821,货车鲁AC82G2刮擦三轮47b63人没事,国棉一市场内,[],['鲁AC82G2'],刮擦
822,一辆五菱面包车鲁A300w6被一辆宝马鲁As3w76已逃逸逃逸方向不详刮擦无人受伤,北园大街中恒商城北边停车场,['宝马'],"['鲁A300W6', '鲁AS3W76']",刮擦
823,鲁A6M537鲁NVC556两辆轿车事故无伤,山大北路往南100米汇科旺园门口闵子骞路上,[],"['鲁A6M537', '鲁NVC556']",未知
824,报警人称林肯与飞跃事故鲁ay178p鲁adcm67无伤亡,凤凰路与龙奥北路交口往北50米,['林肯'],"['鲁AY178P', '鲁ADCM67']",未知
825,轿车鲁A310NC与电动车事故轻伤120已到,二环北路柴火市  具体位置说不清,[],['鲁A310NC'],未知
826,鲁AE5Y36别克与尼桑鲁AU110D事故报警人在纬十二路将尼桑追上,经十路纬十二路路口,['别克'],"['鲁AE5Y36', '鲁AU110D']",未知
827,电动三轮与电动车事故受伤不要120,取消：普利街自来水厂西门门口,[],[],未知
828,电动车被一辆拐弯的轿车别倒,实验小学门口对面,[],[],未知
829,帕萨特鲁ax381y与起亚鲁a086am刮擦正常走保险备案,济泺路山东通讯城停车场入口,['起亚'],"['鲁AX381Y', '鲁A086AM']",刮擦
830,出租车与电动车事故受伤不要120鲁AT6561,,[],['鲁AT6561'],未知
831,货车鲁A312CU与轿车鲁Avm522刮擦无人员伤亡司机酒驾现找人来顶包,董家村张二村西侧,[],"['鲁A312CU', '鲁AVM522']",刮擦
832,三轮车撞了天籁鲁aw5z95协商不了,坝王路,[],['鲁AW5Z95'],相撞
833,鲁ap0n97吉利撞门岗需开证明,颖秀路美联广场西门对面,[],['鲁AP0N97'],相撞
834,大众鲁a08v87与金杯面包车鲁a706fr事故无伤亡,催警 二环东路 七里堡 铁路桥  北往南,"['大众', '金杯']","['鲁A08V87', '鲁A706FR']",未知
835,鲁a110jk福特与鲁ag501C别克追尾车不能动人受伤情况不明请交警速到场,南郊宾馆东门,"['福特', '别克']","['鲁A110JK', '鲁AG501C']",相撞
836,捷达鲁apk653与鲁au5b81现代事故无伤,奥体中路省立医院门口,['现代'],"['鲁APK653', '鲁AU5B81']",未知
837,雪佛兰与一汽事故无伤鲁AUT235鲁AVS159,大桥镇与220路口南300米,"['雪佛兰', '一汽']","['鲁AUT235', '鲁AVS159']",未知
838,鲁A6M537鲁NVC556两辆轿车事故无伤,催警：山大北路往南100米汇科旺园门口闵子骞路上,[],"['鲁A6M537', '鲁NVC556']",未知
839,自行车与汽车鲁AE67M8刮擦人没事,经四路纬九路口 海佑崇华写字楼门口,[],['鲁AE67M8'],刮擦
840,ee,,[],[],未知
841,报警人称一轿车和电动车相撞,锦东公路局对面,[],[],相撞
842,摩托车无牌撞行人人员腿伤省立东院,解放路东头燕山新居南门  ,[],[],相撞
843,丰田鲁A658TV和大众鲁PQ9396和鲁A871PT路虎事故人没事,二环东路和山大北路口南 倪氏海泰大酒店门口,"['丰田', '大众', '路虎']","['鲁A658TV', '鲁PQ9396', '鲁A871PT']",未知
844,昨天下午四点半电动三轮车与铃木鲁A972EY事故人伤已经就医,清河南路141号工业园内,['铃木'],['鲁A972EY'],未知
845,昨天下午4点半鲁A972EY铃木轿车和三轮车事故人当时受伤去医院现在补报警,历城区优公路141号,['铃木'],['鲁A972EY'],未知
846,标致鲁ak928e撞孩子腿部受伤不需要120,段店立交桥下南侧  ,['标致'],['鲁AK928E'],相撞
847,鲁AE20J2别克与鲁A2300K宝马撤离现场后找不到宝马车主,经十路省立医院路段,"['别克', '宝马']","['鲁AE20J2', '鲁A2300K']",未知
848,丰田鲁AR2N03和电动车事故人受伤自行联系120,七贤广场 中国石化加油站门口,['丰田'],['鲁AR2N03'],未知
849,鲁AE20J2别克与鲁A230qK宝马撤离现场后找不到宝马车主,更改 经十路省立医院路段,"['别克', '宝马']","['鲁AE20J2', '鲁A230QK']",未知
850,两货车刮擦人没事,104国道高速出口,[],[],刮擦
851,一辆自行车与一辆白色轿车车号不详往西逃逸刮擦有人受伤不需120现在需要去省立医院,催警  经六路123号门口,[],[],未知
852,报警人称林肯与飞跃事故鲁ay178p鲁adcm67无伤亡,催警凤凰路与龙奥北路交口往北50米,['林肯'],"['鲁AY178P', '鲁ADCM67']",未知
853,货车鲁A62787与别克鲁AQ235N刮擦无人员伤亡,催警  工业北路郭店高速路口,['别克'],"['鲁A62787', '鲁AQ235N']",刮擦
854,鲁ANM120与鲁AU432V事故双方对事故有争议,取消 凤凰山国际名酒城地下一层停车场,[],"['鲁ANM120', '鲁AU432V']",未知
855,鲁CF0986货车和三轮车事故无伤,307章丘西侧圣井中桥西,[],['鲁CF0986'],未知
856,鲁a80k99面包与鲁w23997轿车追尾已保险,备案：舜耕路济南口腔医院门口八里洼站牌,[],"['鲁A80K99', '鲁W23997']",相撞
857,鲁AE20J2别克与鲁A2300K宝马撤离现场后找不到宝马车主,取消：经十路省立医院路段,"['别克', '宝马']","['鲁AE20J2', '鲁A2300K']",未知
858,早上10点多的事故金杯货车鲁A706F2和大众鲁A08V87事故现在工业南路理赔中心交警称无法定责要重新报警无伤亡,二环东路七里堡铁路桥下,"['金杯', '大众']","['鲁A706F2', '鲁A08V87']",未知
859,两辆电动车事故对方逆行对方有点晕不需要120,莱芜路 腊山河西路 桥上东侧路南侧  梦世界西南角,[],[],未知
860,雪佛兰鲁A07H95与广汽传祺冀QD576K责任不明确对方可能酒驾要求交警到,催警：二环东路南全福街东口,['雪佛兰'],"['鲁A07H95', '冀QD576K']",未知
861,雪铁龙鲁EW2857和本田鲁AF80C8事故人没事,济南黄河大桥收费站北1公里,"['雪铁龙', '本田']","['鲁EW2857', '鲁AF80C8']",未知
862,出租车与箱货刮擦人没事,二中门口,[],[],刮擦
863,快处吉利鲁ap6519与出租车鲁at2107刮擦,快处：肉联厂门口路北 ,[],"['鲁AP6519', '鲁AT2107']",刮擦
864,出租车鲁AT6355别克鲁AWF857乘客受伤,趵突泉南门路南,['别克'],"['鲁AT6355', '鲁AWF857']",未知
865,两轿车事故人没事,一中北门,[],[],未知
866,通讯设备被车撞坏车辆逃逸无伤,柳埠镇刘家村闫家办事处门口,[],[],未知
867,吉利与货车事故鲁azw803鲁mdc663无伤亡,京沪高速黄河大桥药山聊城方向,[],"['鲁AZW803', '鲁MDC663']",未知
868,轿车越野车事故人没事,玉符街鸿运来酒店门口,[],[],未知
869,电动三轮车与福特鲁ad5w21事故不需要120,纬十二路 路劲御景城  停车场出口  ,['福特'],['鲁AD5W21'],未知
870,三轮车和江淮鲁AL881T事故无伤协商不成,机场路南郭村,['江淮'],['鲁AL881T'],未知
871,fdsaf,,[],[],未知
872,鲁A811CH停在此处被刮擦,天桥山大二院院内停车场,[],['鲁A811CH'],刮擦
873,2月5日1820鲁a3115y比亚迪与别克刮擦约好快处现在失联,振华商厦北第一条路,"['比亚迪', '别克']",['鲁A3115Y'],刮擦
874,起亚鲁AFC573追尾尼桑鲁AH796Y走保险,工业南华信路,['起亚'],"['鲁AFC573', '鲁AH796Y']",相撞
875,标致鲁ak928e撞孩子腿部受伤不需要120,催警 段店立交桥下南侧  ,['标致'],['鲁AK928E'],相撞
876,电动车与电动车事故无伤,英雄山西门门口,[],[],未知
877,奔驰鲁am8b56与电动车刮擦电动车主逃逸无人员受伤,黄冈路济齐路交叉口,['奔驰'],['鲁AM8B56'],刮擦
878,一辆铃木雨燕鲁AV1Q38与一辆哈佛鲁A806tr追尾无人受伤车损超五千,催警 郭店街道办事处东3公里 102省道与山前小区门口交汇处 进小区方向,['铃木'],"['鲁AV1Q38', '鲁A806TR']",相撞
879,公交27路鲁AH1759与电动三轮车事故无伤,老屯汽配城,[],['鲁AH1759'],未知
880,两电动车刮擦第三方受伤,经五小玮六口,[],[],刮擦
881,标致鲁av611v与福特鲁ag89d0发生刮擦,催警   龙奥北路与奥体东路交界口,"['标致', '福特']","['鲁AV611V', '鲁AG89D0']",刮擦
882,两车事故已转高速,京福高速南往北济南北天桥 黄河大桥桥上,[],[],未知
883,标致鲁ak928e撞孩子腿部受伤不需要120,催警 段店立交桥下南侧,['标致'],['鲁AK928E'],相撞
884,丰田鲁ac956b与宝马鲁al710q事故无伤,泺口皮革城地下停车场,"['丰田', '宝马']","['鲁AC956B', '鲁AL710Q']",未知
885,鲁N6198U吉利和鲁A3358R五菱面包车事故无伤,将军路高强王路口,[],"['鲁N6198U', '鲁A3358R']",未知
886,fdsfas,,[],['鲁FDSFAS'],未知
887,雪佛兰鲁A07H95与广汽传祺冀QD576K责任不明确,快处：二环东路南全福街东口,['雪佛兰'],"['鲁A07H95', '冀QD576K']",未知
888,长安鲁AF58Y0与马自达鲁A0F021找不到对方没留联系方式上午报警过,王舍人华联超市门口,"['长安', '马自达']","['鲁AF58Y0', '鲁A0F021']",未知
889,半挂车鲁L29662与翻斗车事故无伤亡翻斗车离开,郭店高速路口左拐102省道路口北边,[],['鲁L29662'],未知
890,出租车鲁AT4960与电动三轮车事故无伤亡,土屋路与玉函路路口加气站路段,[],['鲁AT4960'],未知
891,吉axx779轿车与鲁al6239罐车追尾,备案：清河北路与标山路口,[],"['吉AXX779', '鲁AL6239']",相撞
892,鲁abl903长城与电动车受伤,中林路和八涧堡路路口,['长城'],['鲁ABL903'],未知
893,面包车与电动车刮擦1人受伤,地税局路口,[],[],刮擦
894,鲁AR610G与鲁AL380L刮擦备案,二环东山大路下口,[],"['鲁AR610G', '鲁AL380L']",刮擦
895,昨天下午4点半鲁A972EY铃木轿车和三轮车事故人当时受伤去医院现在补报警,催警  历城区优公路141号,['铃木'],['鲁A972EY'],未知
896,报警人称201802061651曾报警出租车鲁AT1075与捷达鲁AY809S事故无伤亡现对方车主不配合处理事故求助,山东电视台南门口,[],"['鲁AT1075', '鲁AY809S']",未知
897,货车轿车事故人没事,京福泰安方向距服务区1公里,[],[],未知
898,test,,[],[],未知
899,333,,[],[],未知
900,1,,[],[],未知
901,别克鲁A073EW与五菱鲁A338QL事故无伤亡,,['别克'],"['鲁A073EW', '鲁A338QL']",未知
902,鲁AZ8N86东风景逸和鲁A293BJ大众甲壳虫事故无伤备案,山大路,['大众'],"['鲁AZ8N86', '鲁A293BJ']",未知
903,公交车7路与大巴车人员受伤车牌不详,槐荫区政府,[],[],未知
904,面包鲁a176mr与别克鲁r5b56z追尾备案,历下区政府门口,['别克'],"['鲁A176MR', '鲁R5B56Z']",相撞
905,一辆SUV与一辆帝豪出租车发生事故双方一直没有撤现场引起交通拥堵,,[],[],未知
906,23日事故42厢货与电动车刮擦双方协商不了,无影山中路重汽彩世界北侧门头房路南,[],[],刮擦
907,两辆轿车相撞人没事,老药材公司北第一个路口往东,[],[],相撞
908,快处日产鲁a658np与大众鲁a96h32刮擦无人员受伤,快处：经二纬一路口往西一点,"['日产', '大众']","['鲁A658NP', '鲁A96H32']",刮擦
909,鲁ad5916大众与鲁ah32j6吉利刮擦撤现场后吉利逃逸,经一路火车站出口西100米,['大众'],"['鲁AD5916', '鲁AH32J6']",刮擦
910,面包车撞电动三轮有人受伤,丽景桥附近,[],[],相撞
911,瑞丰川A717PN与五菱鲁A3702X刮擦无人员伤亡,电建路与工业北路,[],"['川A717PN', '鲁A3702X']",刮擦
912,1111,,[],[],未知
913,轿车与面包车相撞,文昌中学路口,[],[],相撞
914,电动三轮车与越野车刮擦人没事,地税局路口西侧,[],[],刮擦
915,面包鲁a176mr与别克鲁r5b56z追尾要求交警处理对方无驾照,历下区政府门前,['别克'],"['鲁A176MR', '鲁R5B56Z']",相撞
916,2月6日2120鲁a68501货车与鲁a67791事故交警当时出现场现在对方不让对方及车辆离开,港九路河西村村南,[],"['鲁A68501', '鲁A67791']",未知
917,轿车与电动三轮相刮,县委路口,[],[],未知
918,私家车与货车事故无伤,省立医院南面路口,[],[],未知
919,摩托车鲁AAR230与电动车事故无伤亡,文化东路与山大路路口,[],['鲁AAR230'],未知
920,两车事故记不清对方车牌需查报警记录,1月9日   经四路顺河高架下口,[],[],未知
921,报警人称荣威与比亚迪事故鲁az102t鲁an9l25无伤亡,泉城路办事处门口,"['荣威', '比亚迪']","['鲁AZ102T', '鲁AN9L25']",未知
922,别克鲁AY7365刮擦鲁AU7L25奥迪后逃逸,旅游路二环东路口,"['别克', '奥迪']","['鲁AY7365', '鲁AU7L25']",刮擦
923,川a717pn瑞丰与鲁a3702x面包GUACA,备案:电建路与工业北口南20米,[],"['川A717PN', '鲁A3702X']",未知
924,电动车与行人事故人受伤,大明湖路大明湖南门往东300米,[],[],未知
925,帝豪鲁A987PJ与电动车车损协商不了,经十山大路北200米金马大酒店门口,[],['鲁A987PJ'],未知
926,快处依维柯鲁h360dz与货车鲁a19780刮擦,快处：郭店高速口,[],"['鲁H360DZ', '鲁A19780']",刮擦
927,早上九点半宝马鲁AB08E8与电动车发生事故需要交警处理,东西丹凤街,['宝马'],['鲁AB08E8'],未知
928,鲁V7B365凯迪拉克13153137979与轿车刮擦鲁v车驾驶员报警要求交警现场处理,催警：花园路华信路口西100米,['凯迪拉克'],['鲁V7B365'],刮擦
929,鲁A959V黑色轿车撞了其电动车后逃逸无伤亡,取消：窑头路1-27号 统一银座正对面,[],[],相撞
930,两个电动车碰撞无伤亡,经十路历山路口西北角,[],[],相撞
931,鲁LDX967日产肖克和鲁AC510V斯柯达事故无伤,高新区龙奥北路陈香路,"['日产', '斯柯达']","['鲁LDX967', '鲁AC510V']",未知
932,本田无车牌与电动车事故无伤,市中区车管所门口,['本田'],[],未知
933,eee,,[],[],未知
934,别克鲁a259ge与长城鲁aqz700事故无伤亡,少年路南门路口  ,"['别克', '长城']","['鲁A259GE', '鲁AQZ700']",未知
935,历下大队警情,,[],[],未知
936,桑塔纳鲁ASG285与公交车鲁A03809F桑塔纳轻伤,二环西与刘长山路路口公交站牌,[],['鲁ASG285'],未知
937,报警人称2月4号早上630分左右鲁a87317猎豹与SUV当时协商好的现在对方失联,天桥区大桥镇220和104交叉口,[],['鲁A87317'],未知
938,两电动车事故人没事,人市路口,[],[],未知
939,两车事故丰田和尼桑人没事车能开省内车,快处：生产路高架桥下口路西侧,['丰田'],[],未知
940,摩托鲁A41120与三轮刮擦自行协商备案,文化东历山路口东南角,[],['鲁A41120'],刮擦
941,2017年8月20日的事故鲁A233WN长安与鲁AE885L别克商务事故当时双方协商现在对方不配合处理希望交警处理,机场路工业北路口南2公里,"['长安', '别克']","['鲁A233WN', '鲁AE885L']",未知
942,报警人称东风与众泰事故无伤亡鲁A79F13鲁A866DA,经六纬二路口向南50米,"['东风', '众泰']","['鲁A79F13', '鲁A866DA']",未知
943,一辆出租车鲁AT4828与一辆雪佛兰鲁A707R3刮擦,备案：花店街与朝阳街路口中间  东向西方向,['雪佛兰'],"['鲁AT4828', '鲁A707R3']",刮擦
944,出租车鲁AT6097与鲁JEA912马自达追尾水箱漏了,北园高架西向东南全福大街路段,['马自达'],"['鲁AT6097', '鲁JEA912']",相撞
945,现代鲁AQ511R与雪佛兰鲁AC5U35事故无伤亡,臧家屯北园派出所门口,"['现代', '雪佛兰']","['鲁AQ511R', '鲁AC5U35']",未知
946,迈腾鲁AA22C6与大众鲁AY0C52事故无伤亡,泉城路与榜棚街,['大众'],"['鲁AA22C6', '鲁AY0C52']",未知
947,箱货鲁AK72W0与吉普鲁AKK390与半挂车鲁M99935事故有人受伤不需120,遥墙机场下高速收费站向北200米  前往济阳黄河大桥方向,[],"['鲁AK72W0', '鲁AKK390', '鲁M99935']",未知
948,报警人称两车刮擦已告知协商处理,经四路纬二路口,[],[],刮擦
949,别克鲁a259ge与长城鲁aqz700事故无伤亡,催警  少年路南门路口,"['别克', '长城']","['鲁A259GE', '鲁AQZ700']",未知
950,车撞在树上,沙河卫生院南龙怀路西,[],[],相撞
951,鲁ah1780大客与鲁a002uu别克追尾协商不成要求民警到场,经十路临港南区,['别克'],"['鲁AH1780', '鲁A002UU']",相撞
952,帝豪鲁A987PJ与电动车车损协商不了,经三路,[],['鲁A987PJ'],未知
953,鲁AM1162被刮擦有行车记录仪到中队处理,旅游路东山路国华东方美郡,[],['鲁AM1162'],刮擦
954,面包车撞一电动车,韩庙东燕桥头,[],[],相撞
955,厢货鲁ay339p与电动三轮车事故不需要120,大辛庄 南侧,[],['鲁AY339P'],未知
956,鲁aq161r起亚与电动车人都没事协商不成电动不让轿车走,顺河北路黄台家具广场西200米建设银行,['起亚'],['鲁AQ161R'],未知
957,快处迈腾鲁aa22c6与桑塔纳鲁ay0c52刮擦人没事,快处：省府前街,[],"['鲁AA22C6', '鲁AY0C52']",刮擦
958,鲁ag35r5斯巴鲁刮擦鲁axq019,备案:伯乐路普雷斯顿酒店门口,['斯巴鲁'],"['鲁AG35R5', '鲁AXQ019']",刮擦
959,fdsa,,[],[],未知
960,中华与名爵事故无伤鲁AQ858W鲁A027W3,历城区围子山路山青苑正门门口,"['中华', '名爵']","['鲁AQ858W', '鲁A027W3']",未知
961,起亚鲁AP825B后视镜被刮擦肇事逃逸,北园银座门口,['起亚'],['鲁AP825B'],刮擦
962,鲁AT6561与电动车事故,黑虎泉北路与明湖北路，大明湖东门往东500米,[],['鲁AT6561'],未知
963,鲁ap0n97吉利撞门岗已保险,备案：颖秀路美联广场西门对面,[],['鲁AP0N97'],相撞
964,荣威鲁AHA233凯迪拉克鲁A1A797人没事车损超了开认定,快处花园路与华新路口西30米,['凯迪拉克'],"['鲁AHA233', '鲁A1A797']",未知
965,鲁AZ110V荣威和斯巴鲁鲁AV6N31事故无伤,舜耕会展后面,"['荣威', '斯巴鲁']","['鲁AZ110V', '鲁AV6N31']",未知
966,公交27路鲁AH1759与电动三轮车事故无伤,取消 老屯汽配城,[],['鲁AH1759'],未知
967,别克鲁A073EW与五菱鲁A338QL事故无伤亡,转山西路财富中心金德利门口,['别克'],"['鲁A073EW', '鲁A338QL']",未知
968,报警人的出租车鲁AT2855停在此处被其他车辆刮擦对方已逃逸未看到车型车牌号无伤亡,天桥区黄屯小区名人时代大厦南侧东西方向小路上路北,[],['鲁AT2855'],刮擦
969,出租车与雪佛兰事故无受伤鲁AT4828鲁A707R3,花店街与匡市街路口,['雪佛兰'],"['鲁AT4828', '鲁A707R3']",未知
970,鲁AG50K6起亚轿车鲁AA058K哈弗事故无伤,民生大街经七路路口往南100米,"['起亚', '哈弗']","['鲁AG50K6', '鲁AA058K']",未知
971,轿车与电动三轮相撞,百大北200米,[],[],相撞
972,商务车与电动三轮车刮擦人没事,常春藤西门,[],[],刮擦
973,尼桑鲁AN961C与对方摩托车鲁AAL591事故无伤亡,堤口路西工商河路天发舜和十字路口,[],"['鲁AN961C', '鲁AAL591']",未知
974,轿车电动车事故人没事,二中门口,[],[],未知
975,鲁AB7A69对方鲁AC86B3将车门锁上走了不处理,工业北路恒大城西区和东区中间,[],"['鲁AB7A69', '鲁AC86B3']",相撞
976,鲁V7B365凯迪拉克13153137979与轿车刮擦鲁v车驾驶员报警要求交警现场处理,催警：花园路华信路口西100米,['凯迪拉克'],['鲁V7B365'],刮擦
977,鲁a03308f与鲁ag0860车不能开超5000人受伤,槐荫区政府门口,[],['鲁AG0860'],相撞
978,马自达鲁AJ2W99与雪佛兰鲁A566P6车损超5000,济洛路汽车厂东路交叉口西口,"['马自达', '雪佛兰']","['鲁AJ2W99', '鲁A566P6']",未知
979,报警人称红色长安鲁A615NB与自行车事故有人受伤已拨打120,市中区党家庄力明商业街进出口 罗而村附近,['长安'],['鲁A615NB'],未知
980,昨天下午4点半鲁A972EY铃木轿车和三轮车事故人当时受伤去医院,催警  历城区优公路141号,['铃木'],['鲁A972EY'],未知
981,鲁AD6879鲁AD687J轿车撞报警人的轿车后逃逸,大学城银座停车场,[],"['鲁AD6879', '鲁AD687J']",相撞
982,逃逸事故咨询不需要处理,赛博停车场,[],[],未知
983,福田鲁AW7H70倒车撞坏消防栓,齐州路与德州路路口路北,['福田'],['鲁AW7H70'],相撞
984,三车事故鲁AA72J8鲁VT792W鲁J18557,二环东路七里堡路口东南,[],"['鲁AA72J8', '鲁VT792W', '鲁J18557']",未知
985,快处依维柯鲁h360dz与货车鲁a19780刮擦,快处：郭店高速口,[],"['鲁H360DZ', '鲁A19780']",刮擦
986,面包车鲁A58W28与电动车事故人没事,槐荫区担山屯宋庄立交桥下面 在桥西头,[],['鲁A58W28'],未知
987,林肯鲁AJ31D0被撞肇事车逃逸求助处理,舜耕路8号中国人民保险,['林肯'],['鲁AJ31D0'],相撞
988,鲁a02718x公交与鲁A631Q3起亚刮擦,快处：经十路燕子山西路口西向东,['起亚'],['鲁A631Q3'],刮擦
989,电动车机动车事故人没事路东派出所已到了称需要交警处理,市中车管所 门口 ,[],[],未知
990,45路公交车与长安事故无伤鲁SAB325鲁AB3915协商私了,取消报警：幸福街天顺饭店门口,['长安'],"['鲁SAB325', '鲁AB3915']",未知
991,两点多起亚鲁AZ1T89与鲁AX5G75大众刮擦无伤亡,宋庄立交桥北边300米路西桥上,"['起亚', '大众']","['鲁AZ1T89', '鲁AX5G75']",刮擦
992,电动车与行人事故人受伤电动车逃逸,生产路与明湖北路路口,[],[],未知
993,11点半左右洒水车鲁AR2922与电动车事故人受伤已经看完病现在需要交警处理,清河北路菜园桥东侧,[],['鲁AR2922'],未知
994,依维柯鲁h360dz与危险品罐车无泄漏鲁a19780刮擦须出警,郭店高速口,[],"['鲁H360DZ', '鲁A19780']",未知
995,两车事故人没事对方不配合处理打114对方不来处理,催警：顺河高架桥 经四路下桥口附近,[],[],未知
996,摩托车鲁ACY226与自行车事故轻伤告知自行选择就医,,[],['鲁ACY226'],未知
997,鲁acy326摩托撞自行车受伤速出警,后坡街,[],['鲁ACY326'],相撞
998,鲁a291cs科鲁兹被车刮擦逃逸,蓝翔技校西500米,[],['鲁A291CS'],刮擦
999,两车事故人没事对方不配合处理打114对方不来处理,顺河高架桥 经四路下桥口附近,[],[],未知
